<beans xmlns="http://www.springframework.org/schema/beans"
	xmlns:context="http://www.springframework.org/schema/context"
	xmlns:xsi="http://www.w3.org/2001/XMLSchema-instance"
	xmlns:mvc="http://www.springframework.org/schema/mvc"
	xsi:schemaLocation="
        http://www.springframework.org/schema/beans     
        http://www.springframework.org/schema/beans/spring-beans.xsd
        http://www.springframework.org/schema/context 
        http://www.springframework.org/schema/context/spring-context.xsd
        http://www.springframework.org/schema/mvc 
        http://www.springframework.org/schema/mvc/spring-mvc.xsd">

    <!-- scanning just web related dependencies -->
	<context:component-scan base-package="com.realcoderz.web" />
	
	<!--adds support for MVC annotations:
	1. @Valid annotation for validation
	2. @RequestMapping
	3. http message convertors or message body marshalling with @RequestBody/ResponseBody  -->
	<mvc:annotation-driven />	
	
	
	<!-- View Resolver to resolve the views from a custom location -->
	<bean class="org.springframework.web.servlet.view.InternalResourceViewResolver">
		<property name="prefix">
			<value>/WEB-INF/jspViews/</value>
		</property>
		<property name="suffix">
			<value>.jsp</value>
		</property>
	</bean>
	
	<!-- Name of the Bean should always be messageSource otherwise custom validator messages will not displayed -->
	 <bean id="messageSource" class="org.springframework.context.support.ReloadableResourceBundleMessageSource">
        <property name="basename" value="classpath:com/realcoderz/resources/messages" />
        <property name="defaultEncoding" value="UTF-8" />
     	<!-- <property name="cacheSeconds" value="10"/> -->
    </bean>
 
</beans>