<?xml version="1.0" encoding="UTF-8"?>
<entity-mappings version="2.1"
	xmlns="http://xmlns.jcp.org/xml/ns/persistence/orm"
	xmlns:xsi="http://www.w3.org/2001/XMLSchema-instance"
	xsi:schemaLocation="http://xmlns.jcp.org/xml/ns/persistence/orm http://xmlns.jcp.org/xml/ns/persistence/orm_2_1.xsd">
	<named-query name="findAllEmployeeSalaryRangePositionalParam">
		<query>SELECT e FROM EmployeeEntity e where e.salary between ?1 and ?2</query>
	</named-query>
	<named-query name="findEmployeesByNameLikeorderBySalaryDesc">
		<query>Select e from EmployeeEntity e where e.employeeName like :p1 order by e.salary desc</query>
	</named-query>
</entity-mappings>
