<?xml version="1.0" encoding="UTF-8"?>
<beans xmlns="http://www.springframework.org/schema/beans"
	xmlns:xsi="http://www.w3.org/2001/XMLSchema-instance"
	xmlns:context="http://www.springframework.org/schema/context"
	xsi:schemaLocation="http://www.springframework.org/schema/beans http://www.springframework.org/schema/beans/spring-beans.xsd
		http://www.springframework.org/schema/context http://www.springframework.org/schema/context/spring-context-4.3.xsd">
	<!-- Employee emp=new Employee(); emp.setEmployeeId(1001); emp.setEmployeeName("Eleanor 
		Kelman"); emp.setSalary(30000); Address addr=new Address(); emp.setAddress(addr); -->
	<bean id="empObject" class="com.capgemini.training.Employee">
		<constructor-arg value="1001"/>
		<constructor-arg value="Lakshmi"/>
		<constructor-arg value="20000.00"/>
		<constructor-arg ref="addressObject"/>
	</bean>
	<bean id="addressObject" class="com.capgemini.training.Address">
		<property name="addressLine1" value="New York" />
		<property name="addressLine2" value="US" />
	</bean>
</beans>
